Musica,Ambiente,Brillo,Sensibilidad,teclado
0.4193834459459459,0.509839527027027,0.4650548986486488,1.0,0
