Musica,Ambiente,Brillo,Sensibilidad,teclado
0.4193834459459459,0.509839527027027,1,1,0
